{
    "accuracy": [
        0.3708333373069763,
        0.6583333611488342,
        0.737500011920929,
        0.8500000238418579,
        0.8833333253860474,
        0.9125000238418579,
        0.9375,
        0.9624999761581421,
        0.9624999761581421
    ],
    "loss": [
        1.8016278743743896,
        0.9138907194137573,
        0.7078090906143188,
        0.4696839451789856,
        0.31733760237693787,
        0.21464210748672485,
        0.2367694228887558,
        0.1651594489812851,
        0.11504170298576355
    ],
    "precision": [
        0.4000000059604645,
        0.7924528121948242,
        0.8306010961532593,
        0.8999999761581421,
        0.9200000166893005,
        0.9227467775344849,
        0.9446808695793152,
        0.9704641103744507,
        0.9786324501037598
    ],
    "recall": [
        0.15833333134651184,
        0.3499999940395355,
        0.6333333253860474,
        0.7875000238418579,
        0.862500011920929,
        0.8958333134651184,
        0.925000011920929,
        0.9583333134651184,
        0.9541666507720947
    ],
    "val_accuracy": [
        0.6000000238418579,
        0.7833333611488342,
        0.8333333134651184,
        0.8333333134651184,
        0.8500000238418579,
        0.8999999761581421,
        0.8833333253860474,
        0.8666666746139526,
        0.9166666865348816
    ],
    "val_loss": [
        1.1023348569869995,
        0.9215028285980225,
        0.7051536440849304,
        0.5061188340187073,
        0.6139786839485168,
        0.6061928272247314,
        0.6047201752662659,
        0.5419676899909973,
        0.6619220972061157
    ],
    "val_precision": [
        0.9444444179534912,
        0.8666666746139526,
        0.8727272748947144,
        0.8620689511299133,
        0.8644067645072937,
        0.8983050584793091,
        0.8833333253860474,
        0.8813559412956238,
        0.9152542352676392
    ],
    "val_recall": [
        0.28333333134651184,
        0.6499999761581421,
        0.800000011920929,
        0.8333333134651184,
        0.8500000238418579,
        0.8833333253860474,
        0.8833333253860474,
        0.8666666746139526,
        0.8999999761581421
    ],
    "learning_rate": [
        0.0010000000474974513,
        0.0010000000474974513,
        0.0010000000474974513,
        0.0010000000474974513,
        0.0010000000474974513,
        0.0010000000474974513,
        0.0010000000474974513,
        0.0005000000237487257,
        0.0005000000237487257
    ]
}