{
    "accuracy": 0.8333333333333334,
    "f1_weighted": 0.7957223264540337,
    "f1_macro": 0.650281425891182,
    "classification_report": {
        "0": {
            "precision": 0.9,
            "recall": 0.9473684210526315,
            "f1-score": 0.9230769230769231,
            "support": 19.0
        },
        "1": {
            "precision": 0.8235294117647058,
            "recall": 0.7777777777777778,
            "f1-score": 0.8,
            "support": 18.0
        },
        "2": {
            "precision": 0.0,
            "recall": 0.0,
            "f1-score": 0.0,
            "support": 5.0
        },
        "3": {
            "precision": 0.782608695652174,
            "recall": 1.0,
            "f1-score": 0.8780487804878049,
            "support": 18.0
        },
        "accuracy": 0.8333333333333334,
        "macro avg": {
            "precision": 0.62653452685422,
            "recall": 0.6812865497076024,
            "f1-score": 0.650281425891182,
            "support": 60.0
        },
        "weighted avg": {
            "precision": 0.766841432225064,
            "recall": 0.8333333333333334,
            "f1-score": 0.7957223264540337,
            "support": 60.0
        }
    }
}